Page,URL,SEO Title,Meta Description
Home,/,"Enid Concrete Pros | Compare Local Concrete Contractors in Enid, OK","Compare local options for concrete work in Enid, Oklahoma. Request quotes for driveways, patios, slabs, stamped concrete, and repair."
About,/about-this-guide/,"About This Guide | Enid Concrete Pros","Learn how this independent Enid concrete guide helps local property owners compare providers and request quotes."
Contact,/contact/,"Request Quotes | Enid Concrete Pros","Send your project details and request quotes from local concrete contractors in the Enid area."
Privacy Policy,/privacy-policy/,"Privacy Policy | Enid Concrete Pros","Read the privacy policy for Enid Concrete Pros, including how quote-request information may be used."
Terms of Use,/terms-of-use/,"Terms of Use | Enid Concrete Pros","Review the terms of use for this independent local concrete guide serving Enid, Oklahoma."
Editorial Policy,/editorial-policy/,"Editorial Policy | Enid Concrete Pros","See how Enid Concrete Pros approaches local service content, estimates, and provider comparison information."
Service Area,/service-area/,"Enid Concrete Service Area | Surrounding Oklahoma Communities","See the Enid-area communities covered by this independent concrete contractor guide."
FAQ,/frequently-asked-questions/,"Enid Concrete FAQ | Common Questions About Concrete Projects","Read answers to common questions about driveways, patios, repair, slabs, and concrete contractor selection in Enid."
Primary Service,/concrete-contractors-enid-ok/,"Concrete Contractors in Enid, OK | Compare Local Concrete Pros","Compare local concrete contractors in Enid, OK for driveways, patios, slabs, stamped concrete, and repair work."
Driveway Installation,/concrete-driveway-installation/,"Concrete Driveway Installation in Enid, OK | Request Local Quotes","Learn what to expect from concrete driveway installation in Enid and request quotes from local providers."
Driveway Replacement,/concrete-driveway-replacement/,"Concrete Driveway Replacement in Enid, OK | Compare Providers","Compare local options for concrete driveway replacement in Enid, including cost factors and warning signs."
Patio Installation,/concrete-patio-installation/,"Concrete Patio Installation in Enid, OK | Compare Local Quotes","Review concrete patio installation options in Enid, Oklahoma and request quotes from local providers."
Stamped Concrete,/stamped-concrete/,"Stamped Concrete in Enid, OK | Local Design and Installation Guide","Explore stamped concrete options for patios, walkways, and outdoor spaces in Enid, Oklahoma."
Slab Installation,/concrete-slab-installation/,"Concrete Slab Installation in Enid, OK | Compare Local Contractors","Compare concrete slab installation options in Enid for sheds, shops, garages, and other flatwork projects."
Concrete Repair,/concrete-repair/,"Concrete Repair in Enid, OK | Cracks, Spalling, and Surface Damage","Learn about concrete repair options in Enid and request quotes for cracks, damage, and worn surfaces."
Cost Guide,/concrete-cost-guide/,"Enid Concrete Cost Guide | Driveways, Patios, Slabs, and Repair","Review the main factors that affect concrete project pricing in Enid, Oklahoma."
How to Choose,/how-to-choose-a-concrete-contractor/,"How to Choose a Concrete Contractor in Enid, OK","Use this guide to compare concrete contractors in Enid and ask better questions before hiring."